-- MariaDB dump 10.19  Distrib 10.6.12-MariaDB, for Linux (x86_64)
--
-- Host: mysql.hostinger.ro    Database: u574849695_19
-- ------------------------------------------------------
-- Server version	10.6.12-MariaDB-cll-lve

/*!40101 SET @OLD_CHARACTER_SET_CLIENT=@@CHARACTER_SET_CLIENT */;
/*!40101 SET @OLD_CHARACTER_SET_RESULTS=@@CHARACTER_SET_RESULTS */;
/*!40101 SET @OLD_COLLATION_CONNECTION=@@COLLATION_CONNECTION */;
/*!40101 SET NAMES utf8mb4 */;
/*!40103 SET @OLD_TIME_ZONE=@@TIME_ZONE */;
/*!40103 SET TIME_ZONE='+00:00' */;
/*!40014 SET @OLD_UNIQUE_CHECKS=@@UNIQUE_CHECKS, UNIQUE_CHECKS=0 */;
/*!40014 SET @OLD_FOREIGN_KEY_CHECKS=@@FOREIGN_KEY_CHECKS, FOREIGN_KEY_CHECKS=0 */;
/*!40101 SET @OLD_SQL_MODE=@@SQL_MODE, SQL_MODE='NO_AUTO_VALUE_ON_ZERO' */;
/*!40111 SET @OLD_SQL_NOTES=@@SQL_NOTES, SQL_NOTES=0 */;

--
-- Table structure for table `charge_point`
--

DROP TABLE IF EXISTS `charge_point`;
/*!40101 SET @saved_cs_client     = @@character_set_client */;
/*!40101 SET character_set_client = utf8 */;
CREATE TABLE `charge_point` (
                                `id` bigint(20) NOT NULL AUTO_INCREMENT,
                                `address` varchar(255) DEFAULT NULL,
                                `latitude` double NOT NULL,
                                `longitude` double NOT NULL,
                                `plug_type` int(11) DEFAULT NULL,
                                `power` int(11) DEFAULT NULL,
                                `status` int(11) DEFAULT NULL,
                                PRIMARY KEY (`id`)
) ENGINE=InnoDB AUTO_INCREMENT=101 DEFAULT CHARSET=utf8mb4 COLLATE=utf8mb4_unicode_ci;
/*!40101 SET character_set_client = @saved_cs_client */;

--
-- Dumping data for table `charge_point`
--

LOCK TABLES `charge_point` WRITE;
/*!40000 ALTER TABLE `charge_point` DISABLE KEYS */;
INSERT INTO `charge_point` VALUES (1,'Ronda Omar, 65, 28º E, 28520, A Alcala',-85.038,89.565,2,2,0),(2,'Calle Aina, 162, 1º D, 61435, La Huerta del Puerto',-11.675,-96.513,0,0,2),(3,'Travessera Lara, 58, 6º E, 15718, O Vela',-43.231,-19.548,1,2,1),(4,'Plaça Jaime, 692, 7º C, 47907, Los Llamas Baja',55.353,-168.783,1,0,1),(5,'Ronda Alma, 661, 3º 3º, 97794, As Anaya',84.932,-78.553,2,0,2),(6,'Calle Lira, 3, 2º A, 48554, Cisneros del Bages',-61.133,-140.427,2,3,0),(7,'Praza Bañuelos, 75, 9º F, 40594, Las Castillo del Pozo',-58.725,116.677,2,1,1),(8,'Avenida Cuellar, 0, Bajos, 92904, O Castaño',-24.389,145.665,2,0,1),(9,'Ronda Carmona, 0, 6º B, 55837, Montalvo de Lemos',-62.021,-105.953,3,2,2),(10,'Travessera Arredondo, 0, 7º D, 43101, San Becerra',74.054,-11.661,0,1,1),(11,'Travesia Manuela, 63, 5º C, 69935, Nazario de San Pedro',44.545,-155.56,1,0,0),(12,'Passeig Manuel, 7, 9º E, 75708, Ibáñez de las Torres',-61.531,-55.925,1,1,0),(13,'Camino Quiñónez, 2, 2º E, 90611, Las Perales de Arriba',-45.951,44.82,2,3,2),(14,'Camiño Fajardo, 8, 8º B, 08584, Gómez del Mirador',22.24,-138.989,3,2,2),(15,'Passeig Iria, 7, 66º 7º, 68511, Mateo de las Torres',-84.724,-25.592,2,0,0),(16,'Ruela Villarreal, 0, 1º E, 56410, As Segovia Alta',-36.201,25.6,3,1,0),(17,'Camino Sofia, 689, Entre suelo 5º, 13779, Vall Méndez del Puerto',26.508,-142.862,1,0,2),(18,'Carrer Arteaga, 8, 9º D, 17409, As Hurtado del Mirador',50.83,63.33,2,3,1),(19,'Camino Zayas, 71, 10º C, 52564, Villa Gracia del Barco',15.527,35.229,0,3,2),(20,'Avinguda Nerea, 525, 85º F, 53536, As Oliver',-9.198,85.006,2,2,0),(21,'Plaça Mar, 822, 6º, 83061, Vall Abad del Penedès',-52.923,93.61,0,3,1),(22,'Avinguda Griego, 971, Bajo 8º, 97101, Villa Lozada de Arriba',-21.418,-27.776,2,3,2),(23,'Passeig Guillem, 13, 82º F, 70498, Vall Caro',32.969,-118.456,0,1,2),(24,'Ronda Velázquez, 07, 3º F, 43685, O Pichardo',89.326,117.575,1,1,1),(25,'Rúa Roberto, 744, 9º C, 49500, A Cruz de Arriba',78.206,-154.071,3,2,0),(26,'Camiño Victor, 95, 9º E, 58342, O Delgado del Vallès',-2.233,-155.151,3,2,2),(27,'Ronda Ainhoa, 799, 85º D, 80361, El Quiñónez',-73.301,63.61,0,0,1),(28,'Carrer Alma, 182, 8º D, 08926, Zavala del Penedès',-60.501,-60.996,1,0,2),(29,'Plaza Ibáñez, 61, Bajo 7º, 52561, Aragón del Puerto',-79.256,34.912,2,3,1),(30,'Camiño Erik, 0, 23º D, 32643, Heredia de San Pedro',57.189,-139.012,3,0,2),(31,'Travesia Lucio, 5, 20º E, 14299, Briones del Puerto',54.584,105.517,0,1,0),(32,'Ruela Isaac, 000, 24º F, 63977, Mares del Mirador',40.251,97.587,2,3,2),(33,'Camiño Preciado, 91, 7º D, 37032, La Carmona',34.639,136.745,2,2,0),(34,'Camiño Simón, 431, 7º B, 89561, Gómez del Vallès',-36.35,52.866,2,2,2),(35,'Carrer Marín, 452, 31º A, 68021, Casas Alta',71.204,-16.651,0,3,1),(36,'Ruela Curiel, 7, 73º 0º, 77033, La Casárez',52.057,-114.435,3,2,2),(37,'Paseo Leire, 00, 80º D, 87841, Vall Cervántez',-51.445,-174.263,1,1,2),(38,'Rúa Hinojosa, 86, 3º B, 09683, Villa Benavides de Ulla',3.035,-109.662,2,0,2),(39,'Praza Casares, 507, 6º 9º, 29398, El Iglesias de la Sierra',61.976,-176.619,3,1,0),(40,'Rúa Acuña, 771, Entre suelo 8º, 16215, Vall Palomo',60.368,31.003,3,1,1),(41,'Ronda Luna, 982, 38º D, 81904, Los Ontiveros del Puerto',-8.228,86.522,2,1,2),(42,'Passeig Arias, 05, 0º E, 03233, La Robledo',-44.419,119.915,3,1,2),(43,'Paseo Peña, 1, 9º C, 86074, Los Herrero del Bages',40.025,-123.007,1,1,0),(44,'Ronda Miguel, 9, Ático 3º, 28625, Cornejo de las Torres',43.324,-110.495,1,3,2),(45,'Avinguda López, 2, 09º D, 73990, A Alonzo del Puerto',65.945,-97.459,0,2,0),(46,'Camiño Mendoza, 6, 2º B, 47496, La Venegas de las Torres',-16.955,47.256,2,1,2),(47,'Rúa Roca, 975, 3º E, 05275, Los Frías del Pozo',18.778,-18.181,2,3,2),(48,'Plaza Malave, 5, 10º E, 61291, Vall Ochoa del Vallès',-65.884,33.92,0,3,1),(49,'Passeig Pagan, 61, 78º C, 25184, La Quintana de Lemos',-39.759,-25.974,2,0,2),(50,'Calle Ballesteros, 439, Ático 1º, 63106, Maya de Lemos',-86.068,-163.217,1,0,0),(51,'Praza Lara, 274, 70º A, 86941, Medrano de Lemos',27.307,49.122,1,0,0),(52,'Rúa Blanca, 7, 37º C, 55358, La Rosario',-31.809,-12.948,0,0,2),(53,'Ruela Antón, 26, 37º C, 17609, de Jesús de la Sierra',86.031,-45.859,0,2,2),(54,'Praza Rafael, 91, Ático 3º, 52281, Los Montañez',73.642,93.354,2,1,0),(55,'Paseo Carmona, 193, Ático 6º, 97771, Os Hernádez del Mirador',-76.103,56.278,0,2,0),(56,'Avinguda Macías, 91, 95º F, 62643, A Jaimes',-83.915,-50.818,0,2,0),(57,'Rúa Nicolas, 3, 3º 7º, 56973, El Leal',84.863,27.653,0,3,0),(58,'Plaza Carla, 630, 7º E, 69735, Las Soler',-36.506,-159.017,3,3,0),(59,'Avinguda Andrea, 112, 7º E, 82052, O Araña del Barco',48.69,157.625,2,2,1),(60,'Avinguda Jon, 603, 4º D, 49374, Anaya del Pozo',-8.644,172.466,3,3,2),(61,'Paseo Macias, 4, 74º F, 95791, A Tijerina',-41.085,-74.911,2,1,0),(62,'Paseo Nieves, 554, 41º 8º, 54429, La Delao Alta',-42.231,89.116,1,2,0),(63,'Paseo Jordi, 1, 66º A, 18419, O Segura de las Torres',68.985,-23.079,0,2,0),(64,'Ronda Orozco, 8, 2º F, 87008, Herrero del Penedès',-9.911,162.52,3,2,1),(65,'Avinguda Chavarría, 78, 23º 8º, 33208, La Gaytán',-38.347,89.166,1,2,0),(66,'Calle Ismael, 89, 0º F, 53287, San Pereira',-20.052,11.903,0,0,0),(67,'Rúa Vera, 625, 42º D, 05418, Los Montemayor del Bages',68.925,138.287,0,2,1),(68,'Travessera Joel, 709, 5º A, 43863, Vall Madrigal',-52.231,-74.961,1,3,0),(69,'Camiño Hernando, 1, 8º D, 22910, Os Matías',0.378,-65.331,3,1,0),(70,'Paseo Gael, 474, 6º A, 47943, San Valdés del Puerto',-23.525,-23.932,3,0,2),(71,'Paseo Atencio, 7, 18º B, 47665, Las Escalante de San Pedro',-69.365,-105.107,3,3,0),(72,'Passeig Erika, 90, Ático 9º, 14289, La Pagan',43.794,-11.827,0,3,1),(73,'Travessera Avilés, 9, 7º D, 19225, Valdez del Bages',-27.775,-141.629,2,0,0),(74,'Carrer Nuria, 7, 15º F, 96757, A Hidalgo de las Torres',-71.357,-65.303,0,2,2),(75,'Ruela Gonzales, 3, 6º 8º, 85696, Villa Domenech de las Torres',-10.088,-13.718,2,2,2),(76,'Plaça Blasco, 220, 03º E, 88084, As Granado de Ulla',-45.482,-98.123,2,0,2),(77,'Carrer Patricia, 2, 43º E, 20759, Dávila del Puerto',30.411,47.664,3,2,0),(78,'Calle Griego, 0, Bajos, 32812, Esteban de Ulla',46.946,-118.299,1,0,2),(79,'Plaça Asier, 580, 98º A, 16085, L\' Melgar del Mirador',-46.902,30.463,3,3,2),(80,'Ronda Mejía, 7, 69º D, 20068, El Segura',84.723,-75.176,3,0,2),(81,'Plaza Martin, 790, 85º B, 93340, Os Godoy Medio',-36.497,-47.634,3,1,2),(82,'Plaça Ochoa, 2, 97º D, 68672, El Peres de Ulla',65.575,158.585,1,0,2),(83,'Ruela Sánchez, 345, 0º A, 91517, O Expósito',-12.452,62.774,3,0,2),(84,'Calle Noelia, 8, 55º E, 63901, San Arenas Baja',59.31,121.537,1,3,2),(85,'Plaça Jimena, 1, 4º, 29030, Villa Raya',19.873,-162.744,3,1,0),(86,'Ronda Saul, 8, Bajos, 98571, Alonso de Arriba',-18.453,140.867,1,1,1),(87,'Carrer Lucia, 147, 4º E, 44858, Os Peres de las Torres',-79.3,62.376,0,2,1),(88,'Ruela Ignacio, 3, 45º E, 22125, A Salas',53.727,-14.86,0,0,2),(89,'Ruela Villegas, 01, 6º B, 22717, O Abad',-85.425,135.766,3,2,2),(90,'Passeig Martina, 1, 2º F, 78548, L\' García',17.601,1.095,3,2,1),(91,'Travessera Acosta, 742, Ático 8º, 77142, Altamirano del Puerto',55.274,-171.667,3,1,0),(92,'Ronda Marroquín, 6, Bajo 1º, 84066, La Ozuna del Pozo',-86.57,-132.994,1,0,1),(93,'Rúa Pau, 5, 6º A, 41070, Vall Ibáñez Medio',-71.553,-66.922,1,0,2),(94,'Rúa Raquel, 09, 29º D, 20589, Vall Bonilla de las Torres',81.326,-79.476,1,3,2),(95,'Travesia Caldera, 44, Bajos, 17937, A Báez',14.774,102.815,3,0,1),(96,'Camiño Rayan, 3, Bajos, 24192, Vall Luján de Ulla',40.545,-79.068,1,0,1),(97,'Travesia Laia, 30, 8º F, 22593, El Acevedo del Puerto',-82.334,-142.17,1,2,0),(98,'Paseo Ruben, 889, 2º, 00230, Montemayor de Arriba',70.281,-48.702,3,0,1),(99,'Ruela Corral, 32, 2º 3º, 08832, San Prado de Ulla',5.477,-24.377,0,1,2),(100,'Carrer Ulloa, 4, 92º A, 15950, O Colunga Baja',66.982,126.511,0,0,2);
/*!40000 ALTER TABLE `charge_point` ENABLE KEYS */;
UNLOCK TABLES;

--
-- Table structure for table `user`
--

DROP TABLE IF EXISTS `user`;
/*!40101 SET @saved_cs_client     = @@character_set_client */;
/*!40101 SET character_set_client = utf8 */;
CREATE TABLE `user` (
                        `id` bigint(20) NOT NULL AUTO_INCREMENT,
                        `created_at` datetime(6) DEFAULT NULL,
                        `email` varchar(100) NOT NULL,
                        `enabled` bit(1) NOT NULL,
                        `first_name` varchar(30) DEFAULT NULL,
                        `last_name` varchar(30) DEFAULT NULL,
                        `name` varchar(255) NOT NULL,
                        `password` varchar(100) NOT NULL,
                        `payment_card` varchar(50) DEFAULT NULL,
                        `updated_at` datetime(6) DEFAULT NULL,
                        PRIMARY KEY (`id`),
                        UNIQUE KEY `name` (`name`),
                        UNIQUE KEY `email` (`email`)
) ENGINE=InnoDB AUTO_INCREMENT=101 DEFAULT CHARSET=utf8mb4 COLLATE=utf8mb4_unicode_ci;
/*!40101 SET character_set_client = @saved_cs_client */;

--
-- Dumping data for table `user`
--

LOCK TABLES `user` WRITE;
/*!40000 ALTER TABLE `user` DISABLE KEYS */;
INSERT INTO `user` VALUES (1,'1986-01-03 19:39:04.000000','manuel71@example.org','\0','Roberto','Andrés','oaguilar','976c508552fef5eaf3e4478efe324afdeb735e93','5215351557133673','2013-01-15 10:30:07.000000'),(2,'1974-12-23 12:04:27.000000','arnau.domenech@example.org','\0','Omar','Cordero','leyre.castaño','6d4a52318ae40568ad6531a863095425cb1cc644','','2022-06-03 02:50:32.000000'),(3,'1987-03-19 23:30:30.000000','africa74@example.com','\0','Yaiza','Galindo','nrosas','015e49a6432aec5364a1389c4ef4ab1727057079','378504424798084','1981-05-20 21:18:15.000000'),(4,'2011-04-21 13:24:12.000000','kolivera@example.net','\0','Oriol','Guevara','iria.robledo','480c1ae6751f8ba2c495d190e1ffd535ea6f74ff','4716687137527657','1999-08-22 05:10:58.000000'),(5,'2016-03-06 15:04:45.000000','irene.leyva@example.com','\0','Alex','Ontiveros','martina67','0e7f54328d4ee54e33b10b50f9c0cccd260f978e','6011210240937592','2024-08-06 08:56:38.000000'),(6,'2018-06-17 11:18:06.000000','ulucio@example.com','\0','Noa','Guzmán','alexia74','d1ea99083fe04d18243c6d4e296c7a715623eb3b','5434102685829544','2013-07-06 09:24:48.000000'),(7,'2004-02-21 17:54:43.000000','arnau37@example.org','\0','Alejandra','Peláez','miguel angel.macias','9cce53a6b44f7b7cb1b07c1607be4312a23368e1','5205756607111967','1970-03-01 09:03:29.000000'),(8,'1980-08-29 14:12:41.000000','eduardo.preciado@example.org','\0','Javier','Osorio','esánchez','7dd7c0ae3dc48010e2ed707851bb79b3e6cb2a6a','5293445194910525','1998-10-08 14:08:00.000000'),(9,'1980-05-20 20:11:52.000000','palacios.joel@example.net','\0','Zoe','Elizondo','guzmán.marc','d73e4b2d7b82f94e579f0f0dc93eedaf233d649a','','1980-10-20 21:15:25.000000'),(10,'2000-09-06 08:54:47.000000','eduardo.delagarza@example.org','\0','Gael','Lebrón','delvalle.david','40c878d40c0b2c92ab50e9698ebe7b0fb9f54d77','','2024-10-04 19:39:14.000000'),(11,'1979-10-21 19:20:24.000000','andres73@example.org','\0','Adam','Yáñez','ismael57','7fa9c9935c9c77e4a7ff8e3ce5e0893f8f56ec9e','4814283330277','2020-07-10 15:13:36.000000'),(12,'1981-07-21 07:57:12.000000','marc.vélez@example.org','\0','Cristian','Elizondo','ane40','30c66ad64c0e4fe82c7b61b164be5be6eb9f6a71','4916411827918','2016-12-25 23:41:46.000000'),(13,'1977-07-24 14:01:46.000000','tllamas@example.com','\0','Rayan','Solorzano','lucia29','602da89a30d11cab363e0a879fc08c5e08f70c58','','1984-07-27 02:17:58.000000'),(14,'1984-07-14 07:01:16.000000','javier11@example.com','\0','Jordi','Villegas','ocampo.asier','6120b6dda65e5a6440434d1e160d02c3b2c5cac3','','1972-08-28 16:15:36.000000'),(15,'1972-09-07 08:35:09.000000','hector.pichardo@example.com','\0','Roberto','Zapata','curiel.alicia','1423aede37e221eb408c6d0f59b083a705da89f4','','2007-04-04 06:41:10.000000'),(16,'1979-10-24 05:13:15.000000','saldaña.eric@example.com','\0','Jaime','Castro','meraz.ignacio','02b38be14a78f90c55c7c7e688e86641909860c0','4716603641428278','2000-04-06 08:54:08.000000'),(17,'2017-03-23 17:49:18.000000','delgadillo.noelia@example.com','\0','Joel','Cepeda','martos.jose antonio','007e896ced8f48eacd2a5353341cae3a091a8abd','4916407371389','2006-11-23 15:22:20.000000'),(18,'1990-07-20 03:38:29.000000','vera89@example.net','\0','Paola','Vaca','pantoja.gabriel','24c0bfeb00d6988c8c09ce9946cb4a886436c5cf','','1994-09-17 23:08:30.000000'),(19,'1973-05-05 21:57:27.000000','cortez.saul@example.org','\0','Jose','Estrada','maria.arenas','bcf01d18f6c79d9d4b5fd417a94a87fa2f37a44e','','1982-10-20 21:57:43.000000'),(20,'1992-01-03 08:56:14.000000','pedro34@example.com','\0','Nuria','González','ypozo','af5ad81f0a6238876af1ddd98ad2bd822732a639','','1984-08-22 00:27:38.000000'),(21,'1984-02-15 15:32:11.000000','alvaro25@example.org','\0','Eduardo','Carretero','omenchaca','25584f4e8ce0c40c3e8d3b977f66d9c0e3930339','4539461543600104','1981-08-15 12:00:17.000000'),(22,'1976-05-05 18:08:29.000000','kurbina@example.com','\0','Irene','Cavazos','jan.cerda','dfccecd66934faeb43b3df1c9f7efd6e7f68bf23','5373456629547249','2022-09-16 07:18:03.000000'),(23,'1977-11-07 20:52:22.000000','rlemus@example.com','\0','Marta','Rentería','rueda.miguel angel','ce855b31e83954ac835941f38cf8b53ae861926b','','2002-02-14 02:56:47.000000'),(24,'2003-03-17 11:10:13.000000','isaac.torres@example.com','\0','Guillem','Razo','aitor.delapaz','45a80fb146d4e8ae78f521639bd96ba24191b762','','1994-05-03 23:23:38.000000'),(25,'1980-03-14 06:56:33.000000','cesar45@example.net','\0','Manuel','Robledo','ana03','ff9f4ad0b216b16563e01b12cc669e0f70cba647','4485200908455','1995-11-08 01:57:56.000000'),(26,'1998-10-26 16:16:27.000000','saldaña.dario@example.org','\0','Unai','Casanova','cperea','0f2ab27b97d0b989aa6f24cce4769871d884824b','4024007171251','2006-07-29 05:56:55.000000'),(27,'1983-06-03 19:01:17.000000','omuñoz@example.net','\0','Asier','Acosta','fantón','3e5ea5e2955a9465f657ae03e4d9059e9e760443','','1991-03-04 09:50:51.000000'),(28,'2018-04-24 13:30:50.000000','carolina.bañuelos@example.net','\0','Jaime','Montero','ocerda','625dfb1c21f591e0ea774988b074a88f79b32101','','1989-11-28 09:22:22.000000'),(29,'2003-11-21 02:07:36.000000','zoe13@example.com','\0','Carla','Ruelas','saiz.zoe','7e540f538aa5f0f708780b74d1cc7225bc99f693','4716029825725328','2009-05-03 16:06:55.000000'),(30,'1993-07-28 18:44:36.000000','delgado.alex@example.com','\0','Jaime','Figueroa','olivárez.leo','43ba7954af834465d700e7ac135833f188ef68b1','','1981-02-18 02:34:41.000000'),(31,'1983-02-20 22:37:15.000000','marti08@example.net','\0','Jimena','Espinosa','csegura','e8f495cb1c8648ae99a7d45c282b2e82a25939a7','5311192881895764','2002-08-08 03:16:38.000000'),(32,'2017-01-27 03:31:36.000000','arnau.cotto@example.org','\0','Alonso','Godoy','ylorente','c60b858487398c103070e539b5a6b044eb137339','','1971-12-28 06:55:36.000000'),(33,'2016-10-16 19:43:04.000000','fernando.carrion@example.org','\0','Ivan','Rentería','francisco javier.alejandro','1b888489b37382e57504d8b9c988b28031cd0a4f','5405270489308637','2024-06-28 12:29:37.000000'),(34,'1978-07-29 21:33:34.000000','urías.rodrigo@example.net','\0','Valeria','Trujillo','estrada.pau','8469f054c0aed032506877836f4eb75151817790','347492829505031','2018-09-24 17:00:23.000000'),(35,'2021-09-28 23:04:36.000000','gabriela67@example.com','\0','Nahia','Briseño','laia.mateo','2f7bb2cab8a9185bed8a2b08370d63e846f4afff','5493826102426811','2016-11-29 11:31:46.000000'),(36,'2014-02-02 06:21:21.000000','gabriel.lara@example.net','\0','Manuel','Sisneros','palacios.luis','ff6029acda2eacce8e34aa0f68719c0b5a56ca68','','2015-12-24 22:59:47.000000'),(37,'1974-07-10 05:11:24.000000','marina.ceballos@example.com','\0','Erik','Hernández','saldaña.ignacio','946db24073a53e2108781d13e1ceb9772bea427a','4916386539806866','1979-09-14 04:43:35.000000'),(38,'2011-03-11 23:39:31.000000','qcano@example.org','\0','Asier','Fuentes','montez.mar','f8134c1c07481fbdcc443c00ce27563451c6cf40','','1985-04-08 03:58:37.000000'),(39,'1974-04-02 10:45:15.000000','ponce.sandra@example.org','\0','Ismael','Duarte','aina.chapa','5992eacc82dc0528dd9be1a3ccfcc51ae9607241','','1996-09-07 10:36:40.000000'),(40,'1994-06-26 12:15:06.000000','jorge62@example.com','\0','Aleix','Bueno','leo40','43628111dd5222fbccae24d3ff4ed95119e474ca','5368356607760451','2006-02-24 22:30:38.000000'),(41,'2018-03-30 20:22:20.000000','eric.muro@example.net','\0','Izan','Bravo','aina.prado','46ac338eb8a1d1547be0a3a66b7cd3c720bb18ac','4532215830662','1976-02-14 22:58:39.000000'),(42,'2015-09-12 18:35:16.000000','qávila@example.org','\0','Leire','Olivera','badillo.asier','8e59c3aa73d0c3c75f5c76588b71c5cb930b6bb5','','1974-05-30 21:43:55.000000'),(43,'2020-12-25 22:05:04.000000','ctapia@example.org','\0','Luis','Salas','cuellar.naia','f42d974d963d0cd4ba7248f887cb7d552d59b189','','2012-12-23 13:59:51.000000'),(44,'1981-02-08 10:24:51.000000','carlos02@example.net','\0','Pol','Valdez','agimeno','3230dd06a4b95b80ef6eb58f7d9585988b248b9b','4929622061356743','2001-11-01 21:20:51.000000'),(45,'1987-11-13 07:46:06.000000','kpabón@example.org','\0','Yaiza','Silva','mateo73','94ac6900603d2db16f98790c71a2453af5db3818','','1980-10-18 19:17:47.000000'),(46,'2005-06-12 22:10:49.000000','lola.gaona@example.org','\0','Miguel','Montes','naia72','fb2b1de20123cb96052570655ce2f32a0afefbb1','','2005-04-02 22:41:53.000000'),(47,'1994-06-27 13:51:42.000000','mario.toledo@example.org','\0','Angela','Escamilla','lucas.jana','cd3b2b22c976f2d9ac89999d0ad24b680c445c87','','2020-03-03 17:52:35.000000'),(48,'2013-07-05 23:05:38.000000','jaime.miguel@example.com','\0','Jesus','Orellana','hquintanilla','e2f28e6637e0fc193e36e20ffd7a16b08e66dce9','','1980-04-20 22:21:56.000000'),(49,'1981-12-28 18:37:08.000000','erik.cano@example.net','\0','Aroa','Alcántar','jvillaseñor','7bc18f29d4d21011eae642e2450089d4a34c5582','','2007-12-29 12:35:37.000000'),(50,'1997-08-27 14:40:25.000000','jorge.delrío@example.org','\0','Nicolas','Almonte','vallejo.gabriela','f9ea195696fcd77ce63f15019350b404e1196e5c','','2000-12-12 11:03:03.000000'),(51,'2013-07-21 01:09:42.000000','rendón.ines@example.net','\0','Africa','Palomo','cornejo.celia','7c57bcfe0520c6035551e312cc16676033afda47','4485907464713205','1980-04-26 02:36:01.000000'),(52,'2019-08-07 13:59:12.000000','barragán.yago@example.net','\0','Isaac','Baca','meraz.mara','ed3e34b4f796d78ad4a15aff54473b65a491722f','4539306344230365','1970-09-18 02:21:21.000000'),(53,'1991-05-04 20:08:46.000000','caro.ariadna@example.org','\0','Juan Jose','Puente','lidia.villarreal','4405ee951be84809e6f793791bda85054f57c51f','','2020-01-03 15:33:23.000000'),(54,'2012-03-06 03:29:51.000000','angel73@example.net','\0','Joel','Vila','urbina.hector','ba1299e9f27ad0ba449ebaaca0cf92e60463cc22','','1995-08-09 17:10:03.000000'),(55,'1986-05-30 08:47:24.000000','qpedroza@example.net','\0','Rodrigo','Rosas','blázquez.alvaro','a99cf2d368415c677dce224d97ed943a906c7f7a','5534714066747097','2020-07-27 06:48:38.000000'),(56,'2021-09-23 11:08:41.000000','kmeléndez@example.net','\0','Noelia','Benítez','leiva.marina','55ddf2a2d91d5a96ebe4fbbf3d633791ac7eca1d','4532984055975','2018-07-24 07:29:07.000000'),(57,'2008-10-14 09:43:38.000000','ebenavídez@example.org','\0','Alex','Carvajal','rosales.enrique','dcb73243577ee64a0c03fa18551016e044afdc19','4916773994221','2016-04-25 22:13:06.000000'),(58,'1981-07-30 09:37:08.000000','africa82@example.net','\0','Eva','Almaraz','ainara91','041cde4dd01f0546cd75892c97bc9a80d659ee3a','','1973-09-09 00:09:28.000000'),(59,'2014-08-10 02:44:22.000000','focasio@example.net','\0','Sergio','Font','antonio05','85d501c6855bb0b401bbfd560fad82bd14abc2e5','','1974-10-01 02:26:50.000000'),(60,'1998-02-04 00:12:37.000000','valentina43@example.com','\0','Helena','Álvarez','almanza.aya','a5e457bcedfa59538c47073759ef874dbf6e5387','4874069858734809','2004-09-03 14:49:06.000000'),(61,'1984-01-28 13:22:27.000000','hbarragán@example.net','\0','Erika','Aparicio','hector66','c70cd8f83d86b6d4cf77f0035726d47b72573461','370852631493421','1985-10-18 05:25:29.000000'),(62,'2000-05-20 23:15:06.000000','salazar.anna@example.net','\0','Eva','Vanegas','floera','f50b672b1fc1bbda12307b23a9b9c76f585b1af8','','2010-10-27 14:59:57.000000'),(63,'2002-09-14 05:07:10.000000','paula75@example.org','\0','Elena','Quiñones','sergio.miramontes','45c47ab21d52b17419c840dbae5903749840a5f1','4916156463288918','1982-05-19 20:00:34.000000'),(64,'1970-01-17 02:59:21.000000','adorno.ander@example.com','\0','Juan Jose','Gonzales','aina.concepción','5a95804f52317b82a7970043ee18d67376ea0e60','','1982-12-08 16:28:02.000000'),(65,'1983-05-18 11:12:19.000000','zoe.sáez@example.com','\0','Mara','Mendoza','xros','72e46965be251352e8940cda13bb582cf343b5da','5584523028586717','1974-11-11 13:37:32.000000'),(66,'2015-05-25 10:22:28.000000','alma91@example.com','\0','Joel','Cabrera','sara51','31562bcf1cb9e03639dfa602e7a2fd9265df1654','4024007149993292','2015-12-10 12:25:57.000000'),(67,'2012-04-13 09:59:42.000000','caballero.joel@example.org','\0','Jose Manuel','Villagómez','cnájera','d7db78c881572897dd33137c20f7c6bc4b4e4ee0','','1999-01-07 23:46:24.000000'),(68,'1971-12-12 05:19:43.000000','wgalarza@example.org','\0','Gonzalo','Juan','villar.ainara','fd16e9fe63e8af40779cd99d2ce5ccc63c74c5d6','','2004-10-31 02:41:07.000000'),(69,'2001-08-13 14:52:46.000000','berta.ulibarri@example.net','\0','Guillem','Lázaro','erincón','6dd577c0d0e1c2eeb61e92969537e63ca2d20415','','1985-07-02 06:20:56.000000'),(70,'2020-09-18 04:47:51.000000','paola79@example.com','\0','Victor','Sáez','qvalenzuela','004d503ce35cc9cba8dbaedeff5aa2d0967b1578','5251336133969754','2015-10-29 15:39:57.000000'),(71,'1981-12-23 20:56:55.000000','cabeyta@example.net','\0','Yeray','Salinas','lara67','4aea6aa0d88084de8dbc8a3a01be7529887a56bf','5393589006034699','1984-10-18 03:47:06.000000'),(72,'1990-05-19 17:09:55.000000','marc.salcido@example.org','\0','Valentina','Conde','nadia59','13f84bd457d47cf9cc3f0c2d504061b22bcdbd63','','1994-11-08 02:37:41.000000'),(73,'1989-06-16 08:58:18.000000','adorno.aaron@example.net','\0','Sandra','Alonzo','rodrigo.urrutia','a1379797daebb0ba4d281e89f9335d84d08e6d15','','2012-10-06 08:47:00.000000'),(74,'1980-03-21 23:14:32.000000','ipiñeiro@example.com','\0','Ainhoa','Saiz','godoy.vega','796ca2db6fcdcf665cd3f649639e5ea228c05fc8','5292654264686228','2007-03-19 04:26:51.000000'),(75,'1972-04-23 15:28:23.000000','barmijo@example.com','\0','Alba','Montero','sáenz.cristian','1823ba761ed858abb0e54c7bed8de17f2c9522ef','','2022-07-12 07:44:16.000000'),(76,'2013-04-24 05:32:40.000000','erik13@example.org','\0','Jose Manuel','Jasso','gonzalo.urbina','4932140c1f5ca2b5d7041f367ed71489f5ced3d8','','1995-10-15 07:43:14.000000'),(77,'1986-12-14 10:25:54.000000','ssimón@example.org','\0','Santiago','Gaytán','yaiza81','44f0bee01e5f846f78b304033fc1ea240b8056fc','4024007117233','1971-04-01 21:48:58.000000'),(78,'1971-05-30 16:27:35.000000','jfierro@example.com','\0','Enrique','Solano','aina.domingo','979ee6858e0f97ae289947d4c8e14b92b8ef792a','','1981-03-30 20:13:13.000000'),(79,'1975-05-01 19:24:24.000000','yago87@example.net','\0','Andrea','Carrero','silvia67','7d1cc7192f493d6ccf3dc86d8a6a693cb75d80b1','5303446766898251','2003-12-14 08:26:51.000000'),(80,'1981-10-14 02:28:44.000000','rodrigo18@example.com','\0','Rafael','Vélez','oriol09','f33eea94e1628b893cc752c6a3d72a75c757b0dd','5118955881682514','2011-08-21 17:46:01.000000'),(81,'2021-12-27 10:54:07.000000','nahia.madera@example.net','\0','Fernando','Guzmán','zregalado','7fb8d722dfca90a4cc6a69839bca6f0299901a38','','1983-04-28 09:56:59.000000'),(82,'1996-12-17 07:37:08.000000','luis85@example.net','\0','Alma','Delacrúz','beatriz64','1e7c996b9646fbf54a71a5d915305edfc7f11a71','4916760928681','2019-02-02 04:19:40.000000'),(83,'1972-01-29 22:58:29.000000','victor.delao@example.com','\0','Vega','Deleón','lerma.carmen','a92d5b2324c526ffaeba5a27f8cbd9335a816bc7','5335228024749813','1973-12-15 11:24:22.000000'),(84,'1992-02-22 12:37:23.000000','sanabria.diego@example.com','\0','Aitana','Perea','esquivel.jan','decb56ed0b085d74730726b7d1eeee349bd29235','','1971-08-09 10:03:53.000000'),(85,'1998-05-12 22:28:46.000000','khurtado@example.net','\0','Luna','Galarza','oquendo.yeray','3b254803da818b59aeef7dacd51196096c0b8471','','1997-03-28 03:45:29.000000'),(86,'1980-07-08 03:43:20.000000','cesar.zapata@example.net','\0','Angela','Rico','lara43','0204150d8ef47f282e19088fcbe0c11663308747','4556042245324','1976-01-16 13:04:08.000000'),(87,'1977-03-12 02:31:33.000000','qalarcón@example.org','\0','Oriol','Zayas','miguel06','290022aa28802125ad617b339141befcfb5ece8a','','2020-12-25 13:16:08.000000'),(88,'1987-12-03 03:56:10.000000','xcastro@example.net','\0','Raul','Anaya','rmunguía','4c99c014afce85df1f972ed4be3c94bd0bca076c','','2002-10-29 20:47:22.000000'),(89,'2019-06-26 22:44:02.000000','jgodoy@example.net','\0','Sofia','Cruz','juan jose.fierro','bcc7cd6b63cac3a9862b5649d8d3b4e14d725ddf','4532683380396','2002-07-28 19:23:16.000000'),(90,'1999-01-08 23:50:44.000000','marroquín.carlota@example.com','\0','Mohamed','Ozuna','marina.chavarría','c025ef4484d179cf741d923a8617dc22dcd1c134','','2011-10-06 12:45:28.000000'),(91,'2019-04-12 05:51:20.000000','samuel.urbina@example.org','\0','Lola','Lozada','bernal.andrea','de40a7476b54b1b44fc7b18a2c790fbfa0d91b95','','1978-12-15 18:44:09.000000'),(92,'1990-01-07 13:37:33.000000','asier.casillas@example.org','\0','Vera','Mas','bfonseca','342d95ff2187360845dca9982a2b6a14b9c58209','','1987-06-29 15:06:09.000000'),(93,'1994-07-01 08:14:20.000000','adrian55@example.org','\0','Aya','Nevárez','cisneros.aaron','536de35d40df6a56288310f6c4ec7a08d01dfbb5','4539294342252116','1981-11-01 06:24:06.000000'),(94,'1996-01-13 09:55:06.000000','alaniz.jesus@example.org','\0','Claudia','Munguía','isaac.orosco','72426b68ca522864ae4adccdce7ec3a636a8149d','','2019-03-09 08:13:01.000000'),(95,'2015-09-14 00:30:59.000000','irene.giménez@example.org','\0','Leo','Riera','flerma','2dcb89d7ae2dfe569143df24a085a9bbacec13ad','6011131588859093','2005-08-29 07:29:00.000000'),(96,'1989-03-01 06:49:22.000000','yaiza81@example.net','\0','Jon','Quesada','castro.mateo','1886fd24b0314af43d9353eb34b0bbd0cb57bf3a','4929311995337','2017-11-30 22:30:52.000000'),(97,'1982-07-20 07:13:07.000000','hruíz@example.com','\0','Naiara','Villagómez','vpedroza','ab6f5f6101c4940963092cb2f03279e2ef371913','5287295683537592','1972-10-17 12:21:25.000000'),(98,'1987-11-24 22:04:47.000000','montoya.elsa@example.com','\0','Alma','Castro','aroa.jurado','eb3663672813bb0781f4e0dd94af46fd2ec14a30','','2003-08-14 10:50:29.000000'),(99,'1980-03-10 07:26:39.000000','fcórdoba@example.com','\0','Oscar','Villa','abril48','8b0afa7fe8fa04684a4c0598cd8a124b8a9d8eee','4485691731880680','1998-01-21 19:58:34.000000'),(100,'1986-10-10 07:22:57.000000','lidia.santacruz@example.net','\0','Jose Manuel','Marroquín','pau.santillán','d44a8315ef5bccc01d164c08fbd63b7a42f89960','','1985-11-17 13:28:31.000000');
/*!40000 ALTER TABLE `user` ENABLE KEYS */;
UNLOCK TABLES;

--
-- Table structure for table `vehicle`
--

DROP TABLE IF EXISTS `vehicle`;
/*!40101 SET @saved_cs_client     = @@character_set_client */;
/*!40101 SET character_set_client = utf8 */;
CREATE TABLE `vehicle` (
                           `id` bigint(20) NOT NULL AUTO_INCREMENT,
                           `brand` varchar(20) NOT NULL,
                           `capacity` double NOT NULL,
                           `car_registration` varchar(10) NOT NULL,
                           `model` varchar(20) NOT NULL,
                           `plug_type` int(11) DEFAULT NULL,
                           `user_id` bigint(20) NOT NULL,
                           PRIMARY KEY (`id`),
                           UNIQUE KEY `UK_6b6uoa07yw5r7rk65537ya1on` (`car_registration`),
                           KEY `FKrmyxjc1r0nxymg692mq9emy56` (`user_id`),
                           CONSTRAINT `FKrmyxjc1r0nxymg692mq9emy56` FOREIGN KEY (`user_id`) REFERENCES `user` (`id`)
) ENGINE=InnoDB AUTO_INCREMENT=101 DEFAULT CHARSET=utf8mb4 COLLATE=utf8mb4_unicode_ci;
/*!40101 SET character_set_client = @saved_cs_client */;

--
-- Dumping data for table `vehicle`
--

LOCK TABLES `vehicle` WRITE;
/*!40000 ALTER TABLE `vehicle` DISABLE KEYS */;
INSERT INTO `vehicle` VALUES (1,' Jaguar',3,'756saw',' Phantom',3,29),(2,' Kia',4,'073eiv',' Civic',1,96),(3,' Dodge',7,'454eqd',' G70',2,35),(4,' Audi',4,'299adq',' Vantage',1,75),(5,' Volkswagen',4,'777qjm',' Civic',1,47),(6,' Buick',4,'083ldn','Corolla',3,55),(7,' Mini',7,'086tyj',' Continental GT',2,20),(8,' Mercedes-Benz',3,'202ehe',' Sorento',1,34),(9,' McLaren',6,'536cgm',' G70',2,46),(10,' Land Rover',5,'177jrm',' Sierra',2,95),(11,' Lamborghini',4,'023lml',' Veyron',1,2),(12,' Lexus',7,'900bej',' Vantage',3,99),(13,' Honda',5,'007qfh',' Giulia',3,9),(14,' Infiniti',5,'566gkt',' Elantra',1,84),(15,' Jeep',4,'838zzi',' 1500',1,19),(16,' Infiniti',7,'143trs',' Chiron',3,80),(17,' Dodge',3,'899vtx',' RX',1,26),(18,' Mercedes-Benz',4,'426lkx',' Continental GT',0,34),(19,' Maserati',4,'336lbt',' CX-5',2,6),(20,' Bentley',3,'182vwb',' 500',2,71),(21,' Lotus',7,'906ciq',' C-Class',3,24),(22,' BMW',6,'803qeq',' Continental GT',2,69),(23,' Acura',7,'532sat',' Silverado',2,22),(24,' Honda',3,'832yfu',' QX60',3,4),(25,' Mazda',6,'575mcd',' F-150',2,2),(26,' Lexus',6,'544kdg',' Civic',2,84),(27,' McLaren',4,'916cbp',' Phantom',0,71),(28,' Bugatti',6,'579rlo',' 720S',1,39),(29,' Cadillac',6,'014dym',' Veyron',3,23),(30,' BMW',6,'322wkm',' Silverado',2,96),(31,' Jeep',7,'002vqh',' Outlander',0,9),(32,' Chevrolet',7,'027ovp',' Encore',2,89),(33,' Fiat',3,'031rvl',' Encore',0,4),(34,' McLaren',7,'455zpa',' 911',0,32),(35,' Bugatti',4,'873pos',' G70',3,35),(36,' Nissan',5,'708oyy',' Veyron',1,31),(37,' Aston Martin',3,'526lvv',' 500',0,18),(38,' Infiniti',3,'299xgj','Corolla',2,94),(39,' Mini',5,'482ffy',' Veyron',3,4),(40,' Mini',6,'364ozr',' Silverado',0,36),(41,' Rolls-Royce',6,'661oea',' Chiron',2,95),(42,' Jeep',5,'944jbb',' Range Rover',3,35),(43,' Kia',7,'984zul',' A4',2,82),(44,' Infiniti',4,'851okr',' A4',2,98),(45,' Maserati',4,'273scd',' Civic',2,27),(46,' Lexus',5,'489sph',' Sorento',3,56),(47,' Bugatti',5,'183myb',' QX60',1,84),(48,' Porsche',4,'851rcs',' F-150',3,20),(49,' Lexus',3,'445maz',' Range Rover',3,71),(50,' BMW',6,'254njf',' Model 3',2,74),(51,' Volvo',3,'396kbd',' Golf',3,40),(52,' Genesis',3,'057fmm',' Range Rover',0,70),(53,' Genesis',5,'357mxn',' Charger',0,96),(54,' Aston Martin',7,'342agq',' 500',3,17),(55,' Mitsubishi',4,'320bzf',' Cooper',1,38),(56,' GMC',5,'644mux',' Range Rover',1,42),(57,' Jeep',7,'603gsj',' Encore',2,46),(58,' Porsche',4,'630pzc',' Civic',2,87),(59,' Nissan',3,'398hre','Corolla',0,71),(60,' Kia',5,'785vwy',' Altima',0,26),(61,' Jaguar',4,'854veg','Corolla',3,15),(62,' Mitsubishi',7,'887vgc',' Outlander',1,63),(63,' Tesla',3,'552yxy',' Continental GT',2,43),(64,' Lexus',5,'984dxb',' 500',1,16),(65,' Tesla',3,'586gjd',' Evora',2,85),(66,' Dodge',3,'475ijn',' Sorento',0,81),(67,' Cadillac',4,'948hkn',' 911',1,43),(68,' Buick',5,'945xpl',' Range Rover',1,9),(69,' Bentley',5,'264isk',' Encore',2,25),(70,' Nissan',4,'008adr',' 488',1,73),(71,' Porsche',5,'233dnt',' 3 Series',1,52),(72,' Jaguar',3,'253bpt',' 300',1,19),(73,' Alfa Romeo',6,'517kxt',' Sorento',3,88),(74,' Aston Martin',7,'677rxp',' Outlander',2,98),(75,' Dodge',5,'204ver',' 911',2,59),(76,' Subaru',3,'076nhd',' A4',1,90),(77,' GMC',3,'184spc',' Model 3',0,77),(78,' Chevrolet',4,'208aly',' Cooper',1,83),(79,' Mitsubishi',7,'768bvr',' Golf',0,94),(80,' Honda',3,'033eje',' F-PACE',2,32),(81,' Ram',6,'912gee',' Vantage',2,38),(82,' Kia',6,'314qea',' Encore',0,1),(83,' Lexus',6,'477nhn',' Golf',2,95),(84,' Kia',5,'336fof',' RDX',3,17),(85,' Bugatti',4,'656vst',' Model S',3,48),(86,' Honda',7,'502cww',' Sierra',3,59),(87,' Cadillac',7,'986bju',' Range Rover',2,79),(88,' Fiat',3,'374pjw',' 720S',3,22),(89,' Audi',6,'403jmg',' Model S',0,76),(90,' Honda',6,'750jdo',' Elantra',2,98),(91,' Lexus',6,'146lvi',' Elantra',0,51),(92,' Volvo',7,'944yti',' Cooper',0,66),(93,' Rolls-Royce',3,'527hwq',' Civic',2,8),(94,' Ram',4,'213cjp',' Model 3',3,18),(95,' Jeep',7,'954hcq',' Elantra',0,53),(96,' Volkswagen',4,'955kds',' Elantra',1,78),(97,' Bugatti',6,'107dkl',' 500',0,25),(98,' Acura',5,'487fuf',' 911',1,40),(99,' Genesis',5,'289hya',' Sierra',3,82),(100,' Subaru',7,'590oqh',' RX',2,19);
/*!40000 ALTER TABLE `vehicle` ENABLE KEYS */;
UNLOCK TABLES;
/*!40103 SET TIME_ZONE=@OLD_TIME_ZONE */;

/*!40101 SET SQL_MODE=@OLD_SQL_MODE */;
/*!40014 SET FOREIGN_KEY_CHECKS=@OLD_FOREIGN_KEY_CHECKS */;
/*!40014 SET UNIQUE_CHECKS=@OLD_UNIQUE_CHECKS */;
/*!40101 SET CHARACTER_SET_CLIENT=@OLD_CHARACTER_SET_CLIENT */;
/*!40101 SET CHARACTER_SET_RESULTS=@OLD_CHARACTER_SET_RESULTS */;
/*!40101 SET COLLATION_CONNECTION=@OLD_COLLATION_CONNECTION */;
/*!40111 SET SQL_NOTES=@OLD_SQL_NOTES */;

-- Dump completed on 2023-10-29 13:07:43

# enable users with payment card and vehicle
UPDATE user
SET enabled = true
WHERE payment_card IS NOT NULL AND payment_card <> '' AND EXISTS (
    SELECT 1 FROM vehicle WHERE vehicle.user_id = user.id
);